stem,split,class_name,class_idx,severity
u636,train,spot,1,1
u1204,train,slug,3,3
u2140,train,slug,3,2
u583,train,spot,1,2
u1975,train,spot,1,2
u1609,train,slug,3,3
u1699,train,spot,1,4
u1435,train,slug,3,3
u2696,train,slug,3,1
u713,train,slug,3,2
u20,train,spot,1,1
u179,train,spot,1,2
u857,train,slug,3,2
u97,train,spot,1,1
u1639,train,spot,1,1
u2229,train,slug,3,3
u588,train,spot,1,2
u2971,train,slug,3,3
u1499,train,slug,3,4
u2959,train,slug,3,3
u2707,train,slug,3,2
u1936,train,slug,3,4
u2910,train,slug,3,2
u1748,train,slug,3,2
u1182,train,slug,3,3
u2162,train,spot,1,1
u1544,train,slug,3,2
u2748,train,slug,3,4
u1406,train,slug,3,4
u1473,train,spot,1,2
u855,train,slug,3,2
u2991,train,slug,3,1
u1248,train,spot,1,2
u410,train,slug,3,1
h28,train,healthy,0,0
h26,train,healthy,0,0
u2044,train,slug,3,3
u3071,train,curl,2,-1
u1593,train,slug,3,3
u840,train,slug,3,2
u1072,train,slug,3,3
u290,train,spot,1,1
u2088,train,slug,3,1
u761,train,slug,3,2
u2736,train,slug,3,1
u1855,train,slug,3,4
u46,train,spot,1,1
u2653,train,spot,1,2
u2020,train,slug,3,2
u3115,train,curl,2,-1
u2680,train,spot,1,1
u2404,train,slug,3,3
u446,train,spot,1,2
u3008,train,slug,3,3
u316,train,spot,1,2
u2447,train,slug,3,4
u1389,train,slug,3,2
u1171,train,slug,3,2
u815,train,slug,3,3
u1603,train,spot,1,2
u993,train,slug,3,4
u2717,train,slug,3,1
u1693,train,spot,1,1
u1329,train,slug,3,2
u44,train,spot,1,2
u1664,train,slug,3,1
u1896,train,spot,1,4
u2586,train,spot,1,1
u967,train,slug,3,3
u2673,train,slug,3,2
u1148,train,slug,3,4
u911,train,slug,3,3
u381,train,spot,1,3
u2300,train,slug,3,4
u2076,train,spot,1,1
u2272,train,slug,3,3
u900,train,slug,3,2
u2989,train,slug,3,3
u2807,train,slug,3,1
u2373,train,slug,3,4
u2378,train,slug,3,4
u292,train,spot,1,2
u2834,train,slug,3,3
u2950,train,slug,3,1
u594,train,slug,3,3
u870,train,slug,3,2
u2824,train,slug,3,1
u22,train,slug,3,2
u2093,train,slug,3,3
u2234,train,slug,3,2
u2502,train,slug,3,4
u430,train,spot,1,2
u717,train,slug,3,4
u1498,train,slug,3,3
u2724,train,slug,3,2
u2456,train,spot,1,1
u2569,train,slug,3,3
u1611,train,slug,3,4
u1262,train,slug,3,3
u3007,train,slug,3,2
u1967,train,spot,1,1
h33,train,healthy,0,0
u602,train,slug,3,2
u1173,train,slug,3,2
u486,train,spot,1,1
u2930,train,slug,3,3
u1905,train,slug,3,2
u1734,train,spot,1,1
u2258,train,slug,3,3
u321,train,spot,1,4
u201,train,spot,1,3
u2812,train,slug,3,3
u1520,train,spot,1,2
u2154,train,spot,1,1
u2222,train,slug,3,3
u2749,train,slug,3,4
u1672,train,spot,1,3
u28,train,spot,1,1
u210,train,spot,1,2
u627,train,slug,3,4
u223,train,spot,1,1
u1731,train,slug,3,3
u2270,train,slug,3,3
u2575,train,spot,1,1
u2394,train,slug,3,3
u867,train,slug,3,2
h13,train,healthy,0,0
u2762,train,slug,3,3
u1405,train,slug,3,4
u678,train,spot,1,1
u269,train,spot,1,1
u527,train,spot,1,3
u1031,train,slug,3,3
u2827,train,slug,3,2
u262,train,slug,3,2
u544,train,spot,1,2
u853,train,slug,3,3
u1537,train,slug,3,2
u775,train,slug,3,4
u2363,train,slug,3,2
u2543,train,slug,3,3
h10,train,healthy,0,0
u113,train,spot,1,2
u2503,train,slug,3,2
u392,train,slug,3,1
u624,train,slug,3,2
u1267,train,slug,3,2
u1885,train,slug,3,4
u803,train,slug,3,2
u1076,train,slug,3,2
u352,train,spot,1,2
u355,train,slug,3,2
u1305,train,slug,3,1
h12,train,healthy,0,0
u449,train,spot,1,3
u2149,train,slug,3,1
u501,train,slug,3,2
u229,train,spot,1,2
u3003,train,slug,3,1
u1946,train,slug,3,4
u765,train,slug,3,1
u1360,train,slug,3,4
u1028,train,slug,3,1
u1500,train,slug,3,3
u2876,train,spot,1,2
u703,train,slug,3,2
u736,train,slug,3,2
u1667,train,spot,1,2
u1337,train,slug,3,2
u3021,train,curl,2,-1
u1411,train,slug,3,3
u620,train,spot,1,2
u526,train,slug,3,2
u1778,train,slug,3,2
u1555,train,slug,3,2
u416,train,spot,1,2
u1759,train,slug,3,2
u422,train,spot,1,2
u351,train,spot,1,1
u1999,train,slug,3,2
u1868,train,slug,3,3
u1825,train,slug,3,4
u922,train,slug,3,3
u3002,train,slug,3,1
u586,train,slug,3,2
u1764,train,spot,1,2
u881,train,slug,3,2
u2926,train,slug,3,4
u1092,train,slug,3,2
u2509,train,slug,3,4
u764,train,slug,3,1
u1737,train,slug,3,2
u2639,train,slug,3,3
u1952,train,slug,3,1
u165,train,spot,1,1
u496,train,spot,1,1
u2490,train,spot,1,2
u3089,train,curl,2,-1
u1149,train,slug,3,4
u1394,train,slug,3,3
u1108,train,slug,3,3
u839,train,slug,3,3
u2917,train,slug,3,2
u1767,train,spot,1,2
u2232,train,spot,1,4
u1798,train,slug,3,4
u2022,train,slug,3,4
u297,train,slug,3,2
u1293,train,slug,3,2
u1892,train,spot,1,2
u2335,train,slug,3,2
u1813,train,spot,1,1
u119,train,spot,1,1
u1955,train,slug,3,3
u1554,train,slug,3,1
u1341,train,spot,1,2
u450,train,spot,1,4
u945,train,spot,1,2
u42,train,spot,1,2
u2380,train,slug,3,4
u633,train,spot,1,2
u2527,train,slug,3,3
h11,train,healthy,0,0
u1118,train,slug,3,3
u2911,train,slug,3,3
u1321,train,slug,3,2
u2078,train,slug,3,2
u1563,train,slug,3,3
u2692,train,slug,3,4
u47,train,spot,1,1
u841,train,slug,3,2
u1151,train,slug,3,3
u2954,train,slug,3,4
u999,train,slug,3,2
u3013,train,slug,3,1
u2487,train,slug,3,3
u824,train,slug,3,2
u2738,train,spot,1,1
u1866,train,spot,1,2
u701,train,spot,1,3
u689,train,slug,3,3
u681,train,spot,1,2
u2366,train,slug,3,2
u1512,train,slug,3,3
u640,train,slug,3,2
u1432,train,slug,3,2
u376,train,spot,1,4
u1715,train,spot,1,1
u1056,train,slug,3,4
u214,train,spot,1,2
u1444,train,slug,3,1
u2582,train,spot,1,3
u622,train,slug,3,3
u1547,train,slug,3,2
u1082,train,slug,3,1
u2640,train,slug,3,4
u217,train,spot,1,2
u557,train,spot,1,2
u2166,train,spot,1,1
u2593,train,spot,1,1
u275,train,spot,1,2
u735,train,slug,3,2
u467,train,slug,3,2
u2206,train,slug,3,2
u1353,train,spot,1,1
u374,train,spot,1,3
u959,train,slug,3,2
u1059,train,slug,3,3
u3011,train,slug,3,3
u2477,train,slug,3,3
u208,train,spot,1,4
u333,train,slug,3,3
u2668,train,slug,3,4
u2216,train,spot,1,2
u245,train,spot,1,1
u2879,train,slug,3,1
u1205,train,slug,3,3
u1599,train,slug,3,3
u1054,train,slug,3,4
u1643,train,slug,3,2
u2029,train,slug,3,3
u955,train,slug,3,3
u2797,train,slug,3,3
u2423,train,slug,3,2
u783,train,slug,3,3
u498,train,spot,1,2
u521,train,spot,1,1
u3039,train,curl,2,-1
u1462,train,slug,3,1
u634,train,slug,3,2
u2121,train,slug,3,4
u2131,train,spot,1,2
u1704,train,spot,1,2
u1820,train,slug,3,3
u433,train,slug,3,2
h38,train,healthy,0,0
u2842,train,slug,3,3
u1487,train,slug,3,1
u1288,train,slug,3,3
u1007,train,slug,3,3
u1684,train,spot,1,1
u1319,train,slug,3,2
u2334,train,slug,3,2
u1931,train,slug,3,3
u1606,train,slug,3,4
u1041,train,slug,3,2
u1475,train,spot,1,2
u2095,train,slug,3,3
u2192,train,slug,3,3
u1902,train,slug,3,2
u2152,train,spot,1,1
u2528,train,slug,3,3
u2165,train,spot,1,1
u2825,train,slug,3,2
u1233,train,slug,3,2
u2405,train,slug,3,3
u2560,train,slug,3,1
u1908,train,slug,3,1
u2611,train,spot,1,2
u2612,train,slug,3,2
u1348,train,slug,3,2
u2904,train,slug,3,2
u1168,train,slug,3,2
u250,train,spot,1,1
u560,train,spot,1,2
u2660,train,slug,3,3
u2675,train,spot,1,2
u709,train,slug,3,2
u1659,train,spot,1,2
u1989,train,spot,1,1
u1261,train,slug,3,2
u2207,train,slug,3,3
u2802,train,slug,3,2
u1712,train,spot,1,1
u1707,train,slug,3,1
h32,train,healthy,0,0
u856,train,slug,3,1
u1413,train,slug,3,3
u706,train,slug,3,2
u1334,train,slug,3,2
u1996,train,slug,3,2
u67,train,spot,1,1
u2172,train,spot,1,2
u2978,train,slug,3,1
u220,train,spot,1,1
u244,train,spot,1,1
u353,train,slug,3,2
u1298,train,slug,3,3
u2923,train,slug,3,3
u2744,train,slug,3,4
u468,train,slug,3,4
u1290,train,slug,3,2
u1256,train,slug,3,4
u580,train,spot,1,1
u3000,train,slug,3,2
u349,train,spot,1,2
u1239,train,slug,3,1
u1357,train,slug,3,3
u1947,train,slug,3,4
u1645,train,spot,1,1
u676,train,spot,1,4
u341,train,spot,1,2
u739,train,slug,3,2
u515,train,slug,3,2
u2698,train,slug,3,2
u1017,train,slug,3,2
u302,train,spot,1,2
u2381,train,slug,3,4
u684,train,spot,1,2
u2951,train,slug,3,1
u3097,train,curl,2,-1
u483,train,spot,1,1
u1436,train,slug,3,2
u931,train,slug,3,4
u1340,train,slug,3,3
u133,train,spot,1,2
u2997,train,slug,3,1
u2908,train,slug,3,2
u2392,train,slug,3,2
u1656,train,spot,1,1
u2083,train,slug,3,4
u2262,train,slug,3,3
u1964,train,slug,3,3
u1610,train,slug,3,3
u2579,train,spot,1,1
u1401,train,slug,3,3
u2803,train,slug,3,1
u1142,train,slug,3,2
u2630,train,spot,1,3
u2255,train,slug,3,2
u2133,train,spot,1,1
u2867,train,slug,3,3
u2350,train,slug,3,4
u1995,train,slug,3,1
u2248,train,slug,3,3
u395,train,slug,3,1
u1984,train,spot,1,1
u1053,train,slug,3,3
u331,train,spot,1,2
u874,train,slug,3,2
u1101,train,slug,3,1
h36,train,healthy,0,0
u2122,train,spot,1,2
u540,train,spot,1,2
u921,train,slug,3,3
u1299,train,slug,3,1
u718,train,slug,3,3
u2973,train,slug,3,4
u312,train,slug,3,1
u755,train,slug,3,4
u389,train,slug,3,1
u2132,train,spot,1,2
u1705,train,slug,3,4
u2305,train,slug,3,4
u1697,train,spot,1,4
u2156,train,spot,1,1
u1969,train,slug,3,3
u632,train,spot,1,2
u3016,train,slug,3,3
u2719,train,slug,3,1
u2459,train,spot,1,3
u1894,train,spot,1,2
u1569,train,slug,3,1
u448,train,spot,1,3
u1052,train,slug,3,3
u2285,train,slug,3,4
u2010,train,slug,3,3
u301,train,spot,1,2
u1264,train,slug,3,3
u1963,train,slug,3,1
u2996,train,slug,3,1
u2227,train,spot,1,3
u2765,train,slug,3,1
u2868,train,slug,3,1
u1641,train,slug,3,2
u283,train,spot,1,1
u1630,train,slug,3,3
u2496,train,slug,3,3
u2891,train,slug,3,1
u1940,train,slug,3,2
u2445,train,slug,3,4
u2144,train,spot,1,1
u917,train,slug,3,3
u2577,train,spot,1,2
u1762,train,spot,1,4
u1618,train,slug,3,3
u729,train,slug,3,4
u2307,train,slug,3,4
u643,train,spot,1,2
u111,train,spot,1,1
u2534,train,spot,1,2
h31,train,healthy,0,0
u1742,train,slug,3,4
u1515,train,slug,3,4
u827,train,slug,3,2
u782,train,slug,3,2
u801,train,spot,1,2
u2417,train,slug,3,3
u271,train,spot,1,1
u612,train,spot,1,2
u2897,train,slug,3,2
u746,train,slug,3,1
u1716,train,slug,3,4
u1828,train,spot,1,2
u2962,train,slug,3,2
u2546,train,slug,3,3
u1497,train,slug,3,4
u1669,train,spot,1,1
u873,train,slug,3,2
u338,train,slug,3,2
u2615,train,slug,3,4
u1200,train,slug,3,2
u3043,train,curl,2,-1
u2684,train,slug,3,3
u590,train,slug,3,2
u2471,train,slug,3,3
u2495,train,slug,3,3
u958,train,slug,3,3
u1033,train,slug,3,3
u1210,train,slug,3,3
u2241,train,spot,1,2
u2058,train,slug,3,3
u437,train,slug,3,3
u2313,train,slug,3,2
u335,train,slug,3,1
u719,train,slug,3,3
u1741,train,spot,1,2
u2841,train,slug,3,3
u3045,train,curl,2,-1
u2099,train,slug,3,2
u843,train,slug,3,3
u2484,train,slug,3,2
u2202,train,slug,3,2
u1163,train,slug,3,2
u2607,train,slug,3,4
u295,train,slug,3,2
u1105,train,slug,3,2
u1188,train,slug,3,2
u1342,train,spot,1,2
u2031,train,slug,3,2
u1914,train,spot,1,2
u2645,train,slug,3,4
u605,train,slug,3,1
u322,train,spot,1,2
u1988,train,spot,1,3
u1860,train,spot,1,1
u1531,train,spot,1,1
u2217,train,spot,1,4
u1750,train,slug,3,3
u311,train,spot,1,2
u1390,train,spot,1,2
u444,train,spot,1,2
u379,train,spot,1,2
u195,train,spot,1,2
u175,train,spot,1,2
u1349,train,slug,3,4
u2402,train,slug,3,4
u1779,train,slug,3,2
u2992,train,slug,3,1
u716,train,slug,3,4
u2858,train,slug,3,3
u2677,train,spot,1,1
u149,train,spot,1,1
u2063,train,slug,3,2
u2839,train,slug,3,3
u2466,train,slug,3,3
u2415,train,slug,3,1
u3109,train,curl,2,-1
u2024,train,slug,3,3
u593,train,slug,3,4
u1138,train,slug,3,1
u2622,train,slug,3,4
u1030,train,slug,3,4
u2718,train,spot,1,1
u1013,train,slug,3,2
u1285,train,slug,3,2
u73,train,spot,1,1
u1186,train,slug,3,2
u1443,train,slug,3,2
u2494,train,slug,3,3
u1824,train,slug,3,3
u2147,train,spot,1,1
u3099,train,curl,2,-1
u2157,train,spot,1,1
u1719,train,spot,1,4
u2159,train,spot,1,1
u1437,train,slug,3,3
u2109,train,slug,3,3
u1318,train,slug,3,1
u2189,train,slug,3,1
u566,train,spot,1,2
u2654,train,spot,1,2
u2545,train,slug,3,4
h42,train,healthy,0,0
u858,train,slug,3,3
u2283,train,slug,3,2
u1932,train,slug,3,4
u1207,train,slug,3,3
u1431,train,spot,1,1
u1062,train,slug,3,3
u1621,train,slug,3,4
u1708,train,spot,1,3
u2714,train,slug,3,1
u263,train,spot,1,2
u447,train,spot,1,3
u317,train,slug,3,3
u1375,train,slug,3,4
u1654,train,spot,1,2
u2743,train,slug,3,4
u2372,train,slug,3,2
u2288,train,slug,3,4
u774,train,slug,3,2
u218,train,spot,1,2
u947,train,slug,3,3
u2903,train,slug,3,2
u1384,train,spot,1,2
u1097,train,slug,3,2
u1263,train,slug,3,2
u1733,train,slug,3,2
u1045,train,slug,3,2
u942,train,slug,3,2
u1115,train,slug,3,4
u1784,train,spot,1,4
u1958,train,slug,3,3
u976,train,slug,3,2
u2715,train,slug,3,1
h8,train,healthy,0,0
u2074,train,slug,3,2
u726,train,slug,3,3
u3061,train,curl,2,-1
u792,train,slug,3,1
u2556,train,slug,3,3
u391,train,spot,1,2
u274,train,spot,1,1
u451,train,spot,1,3
u1614,train,slug,3,2
u908,train,slug,3,2
u731,train,slug,3,1
u1459,train,slug,3,2
u1710,train,slug,3,3
u727,train,slug,3,2
u1870,train,slug,3,3
u2664,train,spot,1,3
u2848,train,slug,3,1
u516,train,slug,3,2
u1352,train,slug,3,1
u871,train,slug,3,2
u2732,train,slug,3,1
u472,train,slug,3,2
u1600,train,slug,3,2
u1426,train,spot,1,1
u382,train,slug,3,1
u2507,train,slug,3,2
u1671,train,spot,1,2
u2551,train,slug,3,1
u1638,train,spot,1,1
u1355,train,slug,3,2
u1278,train,slug,3,2
u835,train,slug,3,2
u2813,train,slug,3,1
u2284,train,slug,3,3
u1467,train,slug,3,2
u1107,train,slug,3,3
u2676,train,spot,1,1
u1628,train,slug,3,4
u313,train,slug,3,1
u1619,train,slug,3,4
u494,train,spot,1,1
u200,train,spot,1,1
u431,train,slug,3,4
u861,train,slug,3,3
u2625,train,slug,3,4
u2266,train,slug,3,4
u2561,train,slug,3,1
u2425,train,slug,3,4
u1966,train,slug,3,3
u2282,train,slug,3,3
u68,train,spot,1,1
u2711,train,slug,3,1
u3083,train,curl,2,-1
u16,train,spot,1,1
u914,train,slug,3,2
u2609,train,spot,1,4
u800,train,slug,3,3
u1985,train,spot,1,1
u2909,train,slug,3,1
u1949,train,spot,1,3
u387,train,spot,1,2
u734,train,slug,3,3
u2419,train,spot,1,3
u1831,train,slug,3,2
u1043,train,slug,3,2
u2929,train,slug,3,1
u2164,train,spot,1,1
u399,train,spot,1,1
u2828,train,slug,3,2
u785,train,slug,3,3
u383,train,spot,1,2
u1073,train,slug,3,2
u2693,train,slug,3,4
u1418,train,slug,3,3
u1005,train,slug,3,3
u454,train,spot,1,2
u2585,train,spot,1,1
u1046,train,slug,3,2
u364,train,spot,1,1
u655,train,spot,1,1
u1811,train,spot,1,1
u2726,train,spot,1,1
u1566,train,slug,3,2
u790,train,slug,3,3
u1634,train,slug,3,2
u1441,train,slug,3,2
u2704,train,slug,3,2
u2531,train,slug,3,3
u1871,train,slug,3,1
u1539,train,slug,3,2
u2643,train,slug,3,3
u732,train,spot,1,2
u339,train,spot,1,2
u980,train,slug,3,2
u2018,train,slug,3,2
u2510,train,slug,3,3
u2325,train,slug,3,3
u1851,train,slug,3,1
u1110,train,slug,3,3
u212,train,spot,1,2
u952,train,slug,3,4
u1944,train,spot,1,1
u1468,train,slug,3,2
u2572,train,slug,3,3
u235,train,spot,1,1
u832,train,spot,1,1
u1575,train,slug,3,3
u1120,train,slug,3,3
u852,train,slug,3,3
u1026,train,slug,3,2
u1875,train,spot,1,2
u1257,train,slug,3,4
u1773,train,slug,3,1
u1240,train,spot,1,1
u886,train,slug,3,4
u226,train,spot,1,1
u2252,train,slug,3,3
u2816,train,slug,3,2
u2260,train,slug,3,4
u1472,train,spot,1,2
u568,train,spot,1,2
u2686,train,slug,3,3
u2498,train,spot,1,3
u1960,train,slug,3,3
u1372,train,slug,3,4
u523,train,slug,3,2
u863,train,slug,3,2
u1799,train,slug,3,1
u641,train,spot,1,2
u607,train,slug,3,4
u1194,train,slug,3,3
u1177,train,slug,3,4
u2150,train,slug,3,1
u2583,train,slug,3,3
u889,train,slug,3,4
u1219,train,slug,3,2
u1822,train,slug,3,4
u479,train,spot,1,1
u1366,train,slug,3,4
u1111,train,slug,3,4
u2034,train,slug,3,1
u61,train,spot,1,1
u2064,train,slug,3,2
u2142,train,spot,1,1
u1878,train,slug,3,2
u1644,train,spot,1,1
u1953,train,slug,3,2
u329,train,spot,1,3
u2731,train,spot,1,1
u209,train,spot,1,3
u2798,train,slug,3,1
u2687,train,spot,1,4
u730,train,slug,3,4
u1455,train,slug,3,2
u224,train,spot,1,1
u2882,train,slug,3,4
u33,train,spot,1,1
u2934,train,slug,3,2
u2983,train,slug,3,1
u1383,train,spot,1,2
u2655,train,spot,1,1
u1279,train,slug,3,1
u1012,train,slug,3,2
u2975,train,spot,1,1
u2486,train,spot,1,3
u490,train,spot,1,1
u2638,train,spot,1,1
u3017,train,slug,3,2
u1565,train,slug,3,2
u1396,train,slug,3,4
u3107,train,curl,2,-1
u371,train,slug,3,1
u1131,train,slug,3,3
u1103,train,slug,3,3
u2947,train,slug,3,2
u2532,train,slug,3,2
u2984,train,slug,3,1
u1224,train,slug,3,2
u2900,train,slug,3,3
u1839,train,spot,1,2
u1478,train,slug,3,2
u477,train,slug,3,1
u309,train,slug,3,2
u1835,train,slug,3,3
u651,train,spot,1,3
u1802,train,slug,3,3
u830,train,spot,1,1
u2163,train,spot,1,2
h15,train,healthy,0,0
u2383,train,slug,3,3
u330,train,spot,1,2
u2801,train,slug,3,2
u654,train,spot,1,2
u2420,train,slug,3,3
u1922,train,slug,3,2
u131,train,spot,1,2
u293,train,spot,1,2
u2245,train,slug,3,4
u766,train,slug,3,2
u1668,train,spot,1,1
u415,train,spot,1,2
u300,train,slug,3,2
u1957,train,slug,3,2
u2795,train,slug,3,2
u443,train,spot,1,2
u1982,train,spot,1,4
u2055,train,slug,3,3
u1766,train,spot,1,1
u475,train,slug,3,1
u2411,train,spot,1,2
u2781,train,slug,3,2
u788,train,slug,3,1
u1190,train,slug,3,2
u2205,train,slug,3,2
u2170,train,spot,1,1
u2783,train,slug,3,2
u2384,train,slug,3,2
u481,train,spot,1,1
u343,train,spot,1,3
u2492,train,slug,3,4
u611,train,spot,1,2
u1024,train,slug,3,2
u1577,train,slug,3,2
u2223,train,spot,1,2
u662,train,slug,3,1
u711,train,slug,3,4
u1909,train,slug,3,3
u2160,train,spot,1,1
u1760,train,spot,1,1
u1847,train,slug,3,2
u579,train,spot,1,1
u865,train,slug,3,2
u3057,train,curl,2,-1
u1517,train,spot,1,2
u2451,train,slug,3,3
u216,train,slug,3,1
u1617,train,slug,3,2
u1819,train,slug,3,2
u502,train,slug,3,2
u596,train,slug,3,1
u811,train,slug,3,2
u1471,train,spot,1,1
u2948,train,slug,3,3
u696,train,slug,3,2
u1270,train,slug,3,3
u500,train,spot,1,3
u347,train,spot,1,2
u1388,train,slug,3,2
u2414,train,slug,3,3
u2191,train,slug,3,2
u2861,train,slug,3,3
u1184,train,slug,3,4
u507,train,spot,1,2
u2460,train,spot,1,2
u2501,train,slug,3,3
u1973,train,spot,1,1
u1116,train,slug,3,3
u747,train,slug,3,2
u3087,train,curl,2,-1
u1501,train,slug,3,4
u933,train,slug,3,4
u616,train,slug,3,3
u2584,train,slug,3,3
u2263,train,slug,3,3
u1657,train,spot,1,2
u1521,train,slug,3,2
u926,train,slug,3,4
u2257,train,slug,3,3
u1193,train,slug,3,2
u1564,train,slug,3,2
u844,train,slug,3,1
u1034,train,slug,3,2
u2838,train,slug,3,2
u1213,train,slug,3,2
u2721,train,slug,3,1
u797,train,slug,3,2
u385,train,spot,1,2
u334,train,slug,3,1
u1929,train,slug,3,3
u2439,train,slug,3,4
u1223,train,slug,3,2
u2299,train,slug,3,4
u408,train,slug,3,2
u1570,train,slug,3,2
u1941,train,slug,3,1
h19,train,healthy,0,0
u1640,train,slug,3,3
u2652,train,slug,3,3
u1234,train,slug,3,2
u2296,train,spot,1,3
u420,train,spot,1,2
u1859,train,spot,1,2
u1183,train,slug,3,4
u664,train,slug,3,3
u440,train,spot,1,3
u894,train,slug,3,2
u770,train,slug,3,2
u1629,train,slug,3,3
u920,train,slug,3,3
u1119,train,slug,3,3
u1579,train,slug,3,2
u2617,train,slug,3,3
u1785,train,slug,3,3
u699,train,spot,1,3
u2878,train,slug,3,1
u1805,train,spot,1,2
u2912,train,slug,3,3
u1217,train,slug,3,2
u1307,train,spot,1,2
u1260,train,slug,3,1
u1231,train,slug,3,2
u2588,train,spot,1,1
u257,train,spot,1,1
u1125,train,slug,3,3
u913,train,slug,3,2
u2999,train,slug,3,2
u248,train,spot,1,1
u1140,train,slug,3,2
u1992,train,spot,1,3
u2768,train,slug,3,4
u400,train,spot,1,1
u31,train,spot,1,1
u2981,train,slug,3,1
u1849,train,spot,1,2
u1346,train,spot,1,1
u2602,train,spot,1,1
u2491,train,spot,1,2
u1919,train,slug,3,2
u982,train,slug,3,2
u2375,train,slug,3,2
u2119,train,slug,3,4
u2570,train,slug,3,3
u2967,train,slug,3,2
u625,train,slug,3,2
u1378,train,slug,3,3
u2940,train,slug,3,1
u427,train,spot,1,2
u1869,train,slug,3,4
u1613,train,slug,3,3
u1419,train,slug,3,3
u1158,train,slug,3,4
u721,train,slug,3,2
u2836,train,slug,3,3
u2100,train,slug,3,3
u2961,train,slug,3,3
u1155,train,slug,3,4
u805,train,slug,3,2
u1126,train,slug,3,3
u673,train,slug,3,2
u2604,train,spot,1,1
u2197,train,slug,3,3
u1317,train,slug,3,3
u1771,train,slug,3,3
u253,train,spot,1,1
u2935,train,slug,3,3
u296,train,slug,3,2
u2806,train,slug,3,1
u609,train,spot,1,1
u767,train,slug,3,3
u949,train,slug,3,2
u2391,train,slug,3,4
u2766,train,slug,3,2
u1856,train,spot,1,1
u2810,train,slug,3,1
u35,train,spot,1,2
u2896,train,slug,3,2
u25,train,curl,2,-1
u1832,train,slug,3,2
u2913,train,slug,3,2
u879,train,slug,3,4
u2433,train,slug,3,3
u2519,train,slug,3,3
u551,train,spot,1,1
u2605,train,spot,1,2
u1795,train,slug,3,1
u1283,train,slug,3,2
u2544,train,slug,3,3
u1448,train,slug,3,2
u877,train,slug,3,2
u1572,train,slug,3,4
u157,train,spot,1,2
u2763,train,slug,3,1
u1345,train,slug,3,1
u1597,train,slug,3,3
u1530,train,spot,1,2
h41,train,healthy,0,0
u63,train,slug,3,1
u2776,train,slug,3,1
u2324,train,slug,3,2
u1466,train,spot,1,2
u828,train,slug,3,1
u1887,train,spot,1,2
u638,train,slug,3,2
u1864,train,spot,1,2
u2482,train,slug,3,2
u2614,train,slug,3,4
u2011,train,slug,3,3
u786,train,slug,3,3
u4,train,spot,1,1
u846,train,slug,3,1
u1937,train,slug,3,4
u2821,train,slug,3,2
u1297,train,slug,3,2
u1788,train,slug,3,4
h2,train,healthy,0,0
u1753,train,slug,3,3
u2884,train,slug,3,1
u1534,train,spot,1,2
u1311,train,slug,3,2
u1113,train,slug,3,4
u578,train,spot,1,2
u2468,train,slug,3,4
u109,train,spot,1,1
u1663,train,spot,1,2
u666,train,slug,3,3
u2963,train,slug,3,4
h34,train,healthy,0,0
u1826,train,slug,3,4
u1175,train,slug,3,2
u2497,train,slug,3,3
u188,train,spot,1,3
u2473,train,slug,3,3
u975,train,slug,3,1
u461,train,spot,1,2
u2200,train,slug,3,3
u2080,train,spot,1,2
u2101,train,slug,3,3
u2822,train,slug,3,4
u147,train,spot,1,1
u2242,train,spot,1,3
u1993,train,spot,1,2
u2720,train,slug,3,1
u1502,train,slug,3,3
u848,train,slug,3,2
u205,train,spot,1,3
u1289,train,slug,3,3
u2599,train,slug,3,1
u1121,train,slug,3,2
u2178,train,slug,3,2
u1358,train,slug,3,2
u2230,train,spot,1,4
u963,train,slug,3,2
u2240,train,spot,1,2
u2379,train,slug,3,3
u2794,train,slug,3,1
u1185,train,slug,3,2
u222,train,spot,1,2
u957,train,slug,3,4
u1763,train,spot,1,2
u1451,train,slug,3,2
u2168,train,spot,1,2
u978,train,spot,1,1
u2987,train,slug,3,1
u890,train,slug,3,3
u1417,train,slug,3,2
u1066,train,slug,3,2
u768,train,slug,3,4
u512,train,spot,1,1
u1508,train,spot,1,2
u2306,train,slug,3,3
u2220,train,spot,1,3
u645,train,spot,1,1
u954,train,slug,3,2
u1245,train,slug,3,2
u2244,train,spot,1,3
u2016,train,slug,3,3
u1765,train,spot,1,2
u466,train,slug,3,2
u305,train,slug,3,2
u2190,train,slug,3,2
u2499,train,spot,1,3
u2993,train,slug,3,1
u1974,train,spot,1,2
u570,train,spot,1,1
u3015,train,slug,3,3
u1271,train,slug,3,2
h39,train,healthy,0,0
u918,train,slug,3,3
u325,train,spot,1,2
u503,train,spot,1,1
u1842,train,spot,1,4
u3073,train,curl,2,-1
u1412,train,slug,3,2
u905,train,slug,3,1
u1852,train,slug,3,3
u2769,train,slug,3,3
u1373,train,slug,3,4
u2933,train,slug,3,1
u2298,train,spot,1,2
u215,train,spot,1,2
u818,train,slug,3,2
u670,train,slug,3,2
u473,train,spot,1,2
u190,train,spot,1,3
u163,train,spot,1,1
u2960,train,slug,3,3
h7,train,healthy,0,0
u2472,train,slug,3,2
u1275,train,slug,3,2
u1576,train,slug,3,3
u3105,train,curl,2,-1
u1696,train,slug,3,1
u2311,train,slug,3,3
u2474,train,slug,3,4
u1721,train,slug,3,2
u688,train,slug,3,2
u642,train,spot,1,2
u129,train,spot,1,1
u2215,train,spot,1,2
u1446,train,slug,3,4
u1265,train,slug,3,2
u406,train,slug,3,1
u1479,train,spot,1,2
u432,train,slug,3,2
u2422,train,slug,3,2
u167,train,spot,1,2
u2225,train,slug,3,3
u722,train,slug,3,4
u60,train,spot,1,1
u2700,train,slug,3,2
u1698,train,slug,3,1
u1794,train,spot,1,1
u2340,train,slug,3,4
u1594,train,slug,3,4
u538,train,spot,1,2
u2185,train,slug,3,4
u2421,train,spot,1,3
u2559,train,slug,3,2
u2713,train,slug,3,2
u944,train,slug,3,2
u2820,train,slug,3,2
u2889,train,slug,3,1
u1486,train,slug,3,2
u2880,train,slug,3,1
u2403,train,slug,3,3
u705,train,slug,3,2
u1225,train,slug,3,2
u1286,train,slug,3,2
u1068,train,slug,3,3
u725,train,slug,3,2
u1608,train,slug,3,2
u2512,train,slug,3,4
u862,train,slug,3,2
u2427,train,slug,3,4
u1626,train,slug,3,3
u1768,train,slug,3,2
u1522,train,slug,3,3
u1815,train,spot,1,2
u1615,train,slug,3,2
u1983,train,slug,3,3
u1211,train,slug,3,2
u2800,train,slug,3,2
u2591,train,slug,3,3
u2662,train,spot,1,1
u1387,train,slug,3,2
u2003,train,slug,3,2
u2672,train,slug,3,3
u2355,train,slug,3,3
u2139,train,spot,1,1
u259,train,spot,1,2
u2294,train,spot,1,2
u649,train,slug,3,2
u32,train,spot,1,1
u1084,train,slug,3,2
u345,train,slug,3,1
u2062,train,slug,3,2
u1970,train,slug,3,3
u2641,train,slug,3,4
u1458,train,slug,3,3
u1172,train,slug,3,2
u45,train,spot,1,1
u303,train,spot,1,3
u679,train,spot,1,1
u842,train,slug,3,3
u3065,train,curl,2,-1
u2030,train,slug,3,4
u968,train,slug,3,2
u2094,train,slug,3,4
u39,train,spot,1,1
u1823,train,slug,3,4
u2521,train,slug,3,2
u584,train,spot,1,2
u554,train,spot,1,4
u2753,train,slug,3,3
u2758,train,slug,3,4
u298,train,slug,3,2
u806,train,slug,3,3
u937,train,slug,3,2
u388,train,spot,1,3
u994,train,slug,3,2
u1040,train,slug,3,2
u1711,train,slug,3,1
u995,train,slug,3,2
u2441,train,slug,3,4
u939,train,slug,3,2
u837,train,slug,3,1
u2304,train,slug,3,4
u2096,train,slug,3,2
u1827,train,spot,1,3
u55,train,spot,1,1
u2786,train,slug,3,1
u2554,train,slug,3,1
u1398,train,slug,3,4
u213,train,spot,1,2
u1461,train,slug,3,4
u600,train,slug,3,2
u1562,train,slug,3,2
u1495,train,slug,3,4
u1019,train,slug,3,1
u1484,train,slug,3,2
u2407,train,slug,3,3
u1681,train,spot,1,1
u2537,train,slug,3,3
u1296,train,slug,3,2
u1124,train,slug,3,3
u1723,train,spot,1,1
u1538,train,slug,3,3
u646,train,spot,1,2
u1153,train,slug,3,4
u2739,train,slug,3,2
u1214,train,slug,3,3
u1379,train,slug,3,2
u2886,train,slug,3,1
u621,train,spot,1,4
u363,train,slug,3,2
u506,train,spot,1,3
u270,train,spot,1,1
u350,train,slug,3,1
u1545,train,slug,3,1
u105,train,spot,1,2
u1850,train,slug,3,1
u115,train,spot,1,1
u474,train,slug,3,1
u928,train,slug,3,3
u1725,train,slug,3,4
u2727,train,spot,1,2
u1363,train,slug,3,4
u2500,train,slug,3,3
u1977,train,spot,1,2
u1266,train,slug,3,4
u2976,train,slug,3,3
u1535,train,slug,3,2
u91,train,spot,1,1
u1309,train,slug,3,2
u2957,train,slug,3,3
u2830,train,slug,3,2
u2905,train,slug,3,2
u278,train,slug,3,1
u1438,train,slug,3,1
u497,train,spot,1,2
u2108,train,slug,3,4
u989,train,slug,3,4
u1381,train,slug,3,3
u2437,train,slug,3,1
u1552,train,spot,1,1
u2169,train,spot,1,3
u1769,train,slug,3,4
u1797,train,slug,3,2
h30,train,healthy,0,0
u973,train,slug,3,1
u1409,train,slug,3,3
u700,train,spot,1,3
u2563,train,slug,3,1
u2594,train,spot,1,1
u2110,train,slug,3,2
u2127,train,spot,1,1
u2859,train,slug,3,3
u1786,train,slug,3,4
u2143,train,spot,1,1
u1660,train,slug,3,2
u1808,train,slug,3,2
u1416,train,slug,3,3
u2043,train,slug,3,3
u1633,train,slug,3,3
u1714,train,slug,3,1
u2065,train,slug,3,2
u3075,train,curl,2,-1
u1077,train,slug,3,1
u2287,train,slug,3,3
u1906,train,slug,3,2
u535,train,slug,3,1
u478,train,spot,1,1
u407,train,slug,3,4
u1662,train,slug,3,2
u2621,train,slug,3,3
u1284,train,slug,3,1
u683,train,slug,3,3
u1513,train,slug,3,3
u2210,train,slug,3,3
u2321,train,slug,3,2
u2073,train,spot,1,1
u1574,train,slug,3,2
u1761,train,spot,1,1
u181,train,spot,1,2
u2273,train,slug,3,3
u1816,train,slug,3,3
u2516,train,slug,3,4
u1546,train,slug,3,2
u2616,train,slug,3,3
u2195,train,slug,3,3
u513,train,spot,1,2
u299,train,slug,3,1
u1532,train,spot,1,2
u956,train,slug,3,3
u1083,train,slug,3,1
u2789,train,slug,3,2
u869,train,slug,3,4
u575,train,slug,3,2
u1164,train,slug,3,2
u1328,train,slug,3,2
u2941,train,slug,3,1
u1596,train,slug,3,3
u1873,train,slug,3,3
u1037,train,slug,3,2
u1021,train,slug,3,2
u1174,train,slug,3,1
u1365,train,slug,3,2
u3059,train,curl,2,-1
u65,train,spot,1,1
u1167,train,slug,3,2
u1427,train,slug,3,2
u1371,train,slug,3,2
u2970,train,slug,3,3
u2785,train,slug,3,4
u2353,train,slug,3,2
u2000,train,slug,3,2
u2469,train,slug,3,3
u287,train,spot,1,1
u2357,train,slug,3,3
u194,train,spot,1,2
u361,train,slug,3,1
u1347,train,slug,3,1
u740,train,spot,1,1
u2337,train,slug,3,2
u2892,train,slug,3,2
u3095,train,curl,2,-1
u50,train,spot,1,1
u2790,train,slug,3,4
u896,train,slug,3,1
u1100,train,slug,3,2
u1557,train,slug,3,2
u591,train,slug,3,1
u1122,train,slug,3,1
u2339,train,slug,3,3
u2174,train,spot,1,1
u1268,train,slug,3,2
u2006,train,slug,3,2
u137,train,spot,1,2
u2406,train,slug,3,3
u1304,train,slug,3,2
u2267,train,slug,3,1
u2438,train,slug,3,2
u2697,train,slug,3,2
u424,train,slug,3,1
u1102,train,slug,3,4
u2618,train,slug,3,3
u2315,train,slug,3,3
u2068,train,spot,1,4
u255,train,spot,1,1
u697,train,spot,1,1
u2444,train,slug,3,3
u2092,train,slug,3,3
u1695,train,slug,3,2
u1485,train,slug,3,2
u2969,train,slug,3,2
u1099,train,slug,3,2
u2054,train,slug,3,4
u1735,train,slug,3,1
u1729,train,slug,3,3
u1510,train,slug,3,3
u2734,train,spot,1,1
u3063,train,curl,2,-1
u2835,train,slug,3,3
u2136,train,slug,3,3
u1525,train,slug,3,3
u2367,train,slug,3,2
u714,train,slug,3,2
u1559,train,slug,3,2
u1506,train,spot,1,4
u2670,train,slug,3,2
u2873,train,slug,3,3
u375,train,spot,1,2
u435,train,spot,1,3
u356,train,slug,3,3
u567,train,spot,1,2
u2028,train,slug,3,3
u1882,train,slug,3,3
u669,train,slug,3,2
u1339,train,slug,3,2
u1085,train,slug,3,3
u2396,train,slug,3,3
u1308,train,spot,1,2
u2863,train,slug,3,2
u2746,train,spot,1,3
u2057,train,slug,3,2
u1241,train,spot,1,2
u1943,train,spot,1,1
u2525,train,slug,3,4
u87,train,spot,1,1
u2536,train,slug,3,3
u1844,train,slug,3,1
u1861,train,spot,1,2
u2349,train,spot,1,2
u1258,train,slug,3,2
u2681,train,spot,1,1
u1951,train,slug,3,1
u1683,train,spot,1,2
u2256,train,slug,3,3
u698,train,slug,3,2
u438,train,slug,3,3
u2193,train,slug,3,3
u1049,train,slug,3,1
u897,train,slug,3,3
u2390,train,slug,3,3
u631,train,spot,1,2
u682,train,spot,1,3
u2699,train,slug,3,2
u2115,train,slug,3,3
u2181,train,spot,1,3
u1732,train,spot,1,2
u1509,train,slug,3,2
u1326,train,slug,3,2
u741,train,slug,3,2
u597,train,slug,3,2
u2869,train,slug,3,4
u1962,train,slug,3,2
u2722,train,slug,3,1
u1331,train,spot,1,4
u833,train,slug,3,2
h9,train,healthy,0,0
u1504,train,slug,3,4
u75,train,spot,1,2
u2408,train,slug,3,3
u2674,train,slug,3,3
u1025,train,slug,3,2
u1540,train,slug,3,2
u2032,train,slug,3,3
u1840,train,spot,1,1
u529,train,slug,3,3
u413,train,spot,1,2
h18,train,healthy,0,0
u1253,train,slug,3,2
u1044,train,slug,3,2
u1380,train,slug,3,4
u2771,train,slug,3,3
u2995,train,slug,3,1
u2,train,spot,1,1
u219,train,slug,3,3
u3012,train,slug,3,1
u531,train,slug,3,2
u459,train,spot,1,4
u2875,train,spot,1,3
u2351,train,slug,3,4
u1877,train,slug,3,2
u2268,train,slug,3,3
u2308,train,slug,3,3
u1422,train,slug,3,2
u2309,train,slug,3,2
u1889,train,slug,3,2
u393,train,slug,3,1
u232,train,spot,1,2
u2117,train,slug,3,3
u2212,train,slug,3,3
u2772,train,spot,1,3
u2809,train,slug,3,3
u2921,train,slug,3,1
u962,train,slug,3,2
u906,train,slug,3,1
u465,train,spot,1,1
u192,train,spot,1,2
u2369,train,slug,3,3
u409,train,slug,3,3
u1925,train,spot,1,2
u2610,train,spot,1,3
u2538,train,slug,3,4
u2036,train,slug,3,2
u574,train,slug,3,2
u3027,train,curl,2,-1
u2818,train,slug,3,3
u648,train,slug,3,2
u1965,train,slug,3,4
u2238,train,slug,3,2
u1136,train,slug,3,2
u1252,train,slug,3,2
u542,train,spot,1,2
u1160,train,slug,3,2
u2008,train,slug,3,3
u2901,train,slug,3,3
u2072,train,spot,1,2
u6,train,spot,1,1
u1385,train,spot,1,4
u1787,train,slug,3,4
u2485,train,slug,3,2
u3113,train,curl,2,-1
u1744,train,slug,3,4
u1250,train,slug,3,2
u1568,train,slug,3,2
u742,train,slug,3,2
u854,train,slug,3,2
u2689,train,spot,1,1
u2988,train,slug,3,1
u733,train,spot,1,3
u484,train,spot,1,1
u2280,train,slug,3,4
u2709,train,slug,3,3
u2504,train,slug,3,2
u1098,train,slug,3,3
u2250,train,slug,3,3
u428,train,spot,1,2
u2520,train,slug,3,3
u2566,train,slug,3,3
u2102,train,slug,3,4
u1036,train,slug,3,4
u528,train,slug,3,2
u1424,train,spot,1,-1
u2370,train,slug,3,3
u1867,train,slug,3,4
u715,train,slug,3,1
u324,train,spot,1,2
u2526,train,slug,3,3
u1074,train,slug,3,3
u1888,train,slug,3,2
u987,train,slug,3,4
u1117,train,slug,3,3
u2895,train,slug,3,1
u1803,train,slug,3,3
u285,train,spot,1,3
u1469,train,spot,1,1
u924,train,slug,3,4
h20,train,healthy,0,0
u1772,train,slug,3,2
u1801,train,slug,3,2
u291,train,spot,1,1
u2452,train,slug,3,1
u1923,train,slug,3,2
u2627,train,slug,3,1
u1251,train,slug,3,2
u103,train,spot,1,1
u2204,train,slug,3,2
u241,train,spot,1,1
u476,train,slug,3,2
u710,train,slug,3,3
u340,train,spot,1,1
u1368,train,slug,3,3
u1900,train,slug,3,2
u1682,train,spot,1,2
u552,train,spot,1,1
u814,train,slug,3,2
u2435,train,slug,3,3
u36,train,spot,1,1
u69,train,slug,3,1
u51,train,spot,1,1
u2759,train,slug,3,3
u668,train,slug,3,3
u1490,train,slug,3,3
u561,train,spot,1,1
u630,train,spot,1,3
u2254,train,slug,3,2
u1781,train,slug,3,4
u2041,train,slug,3,3
u414,train,slug,3,2
u2167,train,spot,1,1
u2436,train,slug,3,2
u1180,train,slug,3,4
u3081,train,curl,2,-1
u1392,train,slug,3,2
u2346,train,slug,3,3
u2728,train,slug,3,1
u1133,train,slug,3,3
u1093,train,slug,3,3
u1139,train,slug,3,2
u1315,train,slug,3,2
u1740,train,spot,1,1
u117,train,spot,1,1
u829,train,slug,3,1
u41,train,spot,1,2
u2331,train,slug,3,3
u2866,train,slug,3,3
u2725,train,slug,3,2
u1249,train,slug,3,2
u183,train,spot,1,2
u2682,train,slug,3,2
u2091,train,slug,3,3
u793,train,slug,3,1
u1061,train,slug,3,3
u2187,train,slug,3,2
u1137,train,slug,3,1
u728,train,slug,3,4
u199,train,spot,1,1
u2994,train,slug,3,1
u211,train,spot,1,2
u2344,train,slug,3,4
u2667,train,slug,3,3
u458,train,spot,1,2
u310,train,spot,1,3
u1212,train,slug,3,2
u1079,train,slug,3,2
u348,train,spot,1,2
u603,train,spot,1,1
u882,train,slug,3,2
u1830,train,spot,1,1
u2082,train,spot,1,1
u530,train,spot,1,2
u2116,train,slug,3,4
u1445,train,slug,3,2
u378,train,spot,1,3
u1777,train,spot,1,3
u2860,train,spot,1,2
u2755,train,slug,3,4
h14,train,healthy,0,0
u3093,train,curl,2,-1
u2505,train,spot,1,3
u2303,train,slug,3,4
u470,train,spot,1,2
u2097,train,spot,1,1
u1920,train,spot,1,3
u1986,train,slug,3,2
u1578,train,slug,3,2
u2158,train,spot,1,1
u2134,train,slug,3,2
u2805,train,slug,3,1
u2470,train,slug,3,4
u23,train,spot,1,1
u2665,train,slug,3,3
u2690,train,spot,1,3
u964,train,slug,3,4
u2862,train,slug,3,3
u366,train,slug,3,1
u2358,train,slug,3,3
u970,train,slug,3,2
u509,train,slug,3,2
u1961,train,slug,3,3
u1020,train,slug,3,2
u1449,train,slug,3,2
u3103,train,curl,2,-1
u916,train,slug,3,2
u1397,train,slug,3,4
u464,train,spot,1,1
u1367,train,slug,3,3
u1094,train,slug,3,2
u1109,train,slug,3,4
u2292,train,slug,3,2
u1921,train,spot,1,2
u2524,train,slug,3,4
u791,train,slug,3,2
u37,train,spot,1,1
u2982,train,slug,3,2
u2226,train,slug,3,4
u510,train,slug,3,2
u969,train,slug,3,2
u2817,train,slug,3,1
u1863,train,spot,1,3
u2395,train,slug,3,3
u2409,train,spot,1,3
u2787,train,slug,3,1
u1898,train,spot,1,2
u272,train,spot,1,1
u2928,train,slug,3,2
u3014,train,slug,3,3
u910,train,slug,3,3
u2573,train,spot,1,1
u1273,train,slug,3,2
u1055,train,slug,3,2
u3053,train,curl,2,-1
u2135,train,spot,1,2
u1391,train,slug,3,2
u34,train,spot,1,1
u196,train,spot,1,1
u1895,train,slug,3,4
u3049,train,curl,2,-1
u1393,train,slug,3,2
u1369,train,slug,3,4
u2089,train,slug,3,2
u1792,train,spot,1,2
u1793,train,slug,3,2
u1464,train,slug,3,2
u2782,train,slug,3,4
u2389,train,slug,3,4
u225,train,spot,1,1
u1181,train,slug,3,4
u1934,train,slug,3,2
u1362,train,slug,3,4
u2329,train,slug,3,3
u1008,train,slug,3,3
u2145,train,slug,3,2
u83,train,spot,1,2
u1156,train,slug,3,4
u1483,train,spot,1,4
u943,train,slug,3,2
u204,train,slug,3,2
u637,train,slug,3,2
u546,train,slug,3,2
u2770,train,slug,3,3
u455,train,spot,1,4
u3055,train,curl,2,-1
u304,train,spot,1,2
u680,train,spot,1,2
u2826,train,slug,3,2
u1791,train,slug,3,4
u282,train,spot,1,3
u1474,train,spot,1,2
u1187,train,slug,3,2
u1782,train,slug,3,3
u2196,train,slug,3,4
u1152,train,slug,3,4
u2277,train,slug,3,4
u1927,train,slug,3,2
u821,train,slug,3,2
u2130,train,spot,1,1
u2171,train,spot,1,1
u1399,train,slug,3,3
u346,train,spot,1,2
u57,train,spot,1,1
u2249,train,slug,3,4
u1320,train,slug,3,2
u946,train,slug,3,4
u1757,train,slug,3,2
u367,train,spot,1,1
u151,train,spot,1,1
u592,train,slug,3,3
u2112,train,slug,3,2
u2410,train,slug,3,3
u1526,train,spot,1,1
u2023,train,slug,3,4
u1790,train,slug,3,4
u2600,train,spot,1,1
u1542,train,spot,1,2
u961,train,slug,3,2
u1650,train,spot,1,1
u2173,train,slug,3,2
u1237,train,slug,3,2
u2974,train,slug,3,3
u1601,train,slug,3,4
u1414,train,slug,3,2
u1287,train,slug,3,1
u674,train,spot,1,2
u2767,train,slug,3,4
u319,train,spot,1,4
u1990,train,spot,1,1
u24,train,spot,1,1
u2434,train,slug,3,3
u2685,train,spot,1,1
u2647,train,spot,1,1
u1209,train,slug,3,3
u525,train,slug,3,3
h1,train,healthy,0,0
u1481,train,spot,1,4
u2007,train,slug,3,2
u2506,train,spot,1,1
u1658,train,spot,1,2
u2636,train,slug,3,3
u1247,train,slug,3,2
u1848,train,spot,1,2
u1001,train,slug,3,3
u1652,train,spot,1,1
u2937,train,slug,3,4
u421,train,spot,1,1
u1080,train,slug,3,2
u294,train,slug,3,2
u1780,train,slug,3,4
u354,train,slug,3,1
u532,train,slug,3,2
u694,train,slug,3,1
u1976,train,spot,1,2
u2186,train,slug,3,3
u54,train,spot,1,2
u577,train,slug,3,2
u2966,train,slug,3,3
u2597,train,slug,3,1
u702,train,spot,1,2
u2833,train,slug,3,3
u2442,train,slug,3,4
u1123,train,slug,3,3
u1876,train,spot,1,3
u1096,train,slug,3,2
u777,train,slug,3,1
u545,train,spot,1,2
u1987,train,spot,1,2
u804,train,slug,3,2
u1135,train,slug,3,2
u951,train,slug,3,1
u2301,train,slug,3,4
u187,train,spot,1,3
u1796,train,slug,3,2
u1343,train,spot,1,2
u749,train,slug,3,2
u1631,train,slug,3,3
u1002,train,slug,3,3
u992,train,slug,3,3
u2874,train,slug,3,2
u1301,train,slug,3,2
u2906,train,slug,3,1
u2990,train,slug,3,1
u2275,train,slug,3,3
u499,train,spot,1,2
u604,train,slug,3,2
u2702,train,slug,3,3
u2418,train,slug,3,3
u1277,train,slug,3,1
u2742,train,slug,3,3
u2915,train,slug,3,1
u429,train,spot,1,2
u686,train,spot,1,1
u445,train,slug,3,2
u2290,train,slug,3,3
u203,train,slug,3,2
u558,train,spot,1,2
u1338,train,slug,3,2
u2265,train,slug,3,4
u1323,train,slug,3,3
u587,train,slug,3,2
u553,train,spot,1,1
u2706,train,slug,3,1
u307,train,slug,3,2
u780,train,slug,3,2
u1926,train,slug,3,3
u1023,train,slug,3,2
u198,train,spot,1,2
u687,train,spot,1,2
u2708,train,slug,3,3
u1090,train,slug,3,3
u1746,train,spot,1,3
u1161,train,slug,3,2
u2555,train,slug,3,3
u1673,train,slug,3,2
u2327,train,slug,3,4
u1176,train,slug,3,4
u781,train,slug,3,4
u1232,train,slug,3,3
u1718,train,spot,1,2
u3041,train,curl,2,-1
u1244,train,slug,3,2
u798,train,slug,3,2
u936,train,slug,3,2
u1916,train,spot,1,2
u778,train,slug,3,1
u2985,train,slug,3,1
u2479,train,slug,3,2
u2515,train,slug,3,4
u3047,train,curl,2,-1
u1745,train,spot,1,3
u1235,train,slug,3,2
u758,train,slug,3,2
u2658,train,spot,1,1
u2478,train,slug,3,2
u564,train,slug,3,1
u1625,train,spot,1,1
u2310,train,slug,3,3
u2446,train,slug,3,3
u2443,train,slug,3,3
u2120,train,slug,3,4
u342,train,spot,1,2
u1915,train,slug,3,3
u1408,train,slug,3,3
u2004,train,slug,3,2
u1872,train,slug,3,1
u480,train,spot,1,1
u2871,train,slug,3,3
u2203,train,spot,1,1
u332,train,spot,1,2
u750,train,slug,3,3
u403,train,spot,1,2
u441,train,spot,1,4
u1702,train,slug,3,3
u572,train,spot,1,1
u860,train,slug,3,1
u1623,train,slug,3,3
u273,train,spot,1,1
u2450,train,slug,3,4
u2090,train,slug,3,1
u1939,train,spot,1,2
u2364,train,slug,3,3
u1751,train,spot,1,2
u21,train,slug,3,2
u1361,train,slug,3,4
u280,train,spot,1,2
u677,train,spot,1,3
u2633,train,slug,3,3
u505,train,spot,1,3
u2352,train,slug,3,4
u1930,train,slug,3,2
u2124,train,spot,1,1
u2574,train,spot,1,1
u1598,train,slug,3,2
u2070,train,spot,1,3
u2716,train,spot,1,1
h25,train,healthy,0,0
u2750,train,slug,3,4
u2295,train,spot,1,3
u369,train,spot,1,2
u1447,train,slug,3,4
u1386,train,spot,1,1
u1081,train,slug,3,1
u328,train,slug,3,2
u2741,train,slug,3,4
u547,train,spot,1,3
u1687,train,spot,1,1
u2949,train,slug,3,2
u2887,train,slug,3,2
u3025,train,curl,2,-1
u2619,train,slug,3,2
u197,train,spot,1,2
u1006,train,slug,3,2
u985,train,slug,3,2
u784,train,slug,3,2
u599,train,slug,3,4
u1050,train,slug,3,1
u1456,train,slug,3,2
u2458,train,spot,1,2
u155,train,spot,1,1
u667,train,slug,3,2
u2362,train,slug,3,4
u2179,train,slug,3,1
u2631,train,spot,1,2
u3077,train,curl,2,-1
u1423,train,slug,3,1
u1810,train,slug,3,2
u1703,train,slug,3,4
u277,train,spot,1,3
u2053,train,spot,1,4
u724,train,slug,3,1
u2243,train,spot,1,2
u1533,train,spot,1,2
u2571,train,slug,3,3
u442,train,spot,1,2
u912,train,slug,3,4
u2333,train,spot,1,3
u1679,train,slug,3,2
u2198,train,slug,3,4
u1972,train,slug,3,4
u1527,train,spot,1,1
u1612,train,slug,3,4
u1924,train,spot,1,4
u2069,train,spot,1,2
u171,train,spot,1,1
u281,train,spot,1,1
u1627,train,slug,3,2
u1726,train,spot,1,3
u2644,train,slug,3,4
u2723,train,spot,1,2
u1460,train,slug,3,4
u495,train,spot,1,1
u1935,train,slug,3,3
u1713,train,spot,1,1
u1009,train,slug,3,3
u2077,train,spot,1,2
u1686,train,spot,1,2
u3004,train,slug,3,1
u2511,train,slug,3,3
u2729,train,spot,1,1
u1899,train,spot,1,3
u1620,train,slug,3,3
u2289,train,slug,3,4
u66,train,spot,1,1
u2927,train,slug,3,3
u370,train,slug,3,1
u1150,train,slug,3,2
u1846,train,slug,3,3
h17,train,healthy,0,0
u796,train,slug,3,2
u2361,train,slug,3,3
u1874,train,slug,3,4
u1075,train,slug,3,3
u1549,train,slug,3,2
u2454,train,spot,1,1
u1622,train,slug,3,2
u2695,train,slug,3,1
u1166,train,slug,3,2
u2522,train,slug,3,3
u227,train,spot,1,1
u1670,train,spot,1,1
u997,train,slug,3,3
u613,train,spot,1,1
u3006,train,slug,3,2
u2052,train,spot,1,3
u1071,train,slug,3,1
h21,train,healthy,0,0
u2428,train,slug,3,3
u417,train,spot,1,3
u323,train,slug,3,2
u2253,train,slug,3,4
u2118,train,spot,1,3
u390,train,spot,1,2
u1129,train,slug,3,3
u207,train,spot,1,3
u2399,train,spot,1,2
u2965,train,slug,3,3
u79,train,spot,1,2
u2979,train,slug,3,1
u1774,train,slug,3,1
u64,train,spot,1,1
u1410,train,slug,3,2
u1179,train,slug,3,4
u2986,train,spot,1,2
u405,train,spot,1,1
u1880,train,slug,3,1
u384,train,spot,1,2
u2056,train,slug,3,3
u2578,train,slug,3,1
u159,train,spot,1,2
u522,train,slug,3,1
u77,train,spot,1,2
u1806,train,slug,3,3
u2014,train,slug,3,4
u519,train,slug,3,1
u1091,train,slug,3,3
u2009,train,slug,3,3
u1303,train,slug,3,2
u1809,train,slug,3,4
h23,train,healthy,0,0
u1529,train,spot,1,1
u1324,train,spot,1,1
u974,train,slug,3,4
u436,train,spot,1,2
u2791,train,slug,3,1
u1294,train,slug,3,2
u404,train,spot,1,1
u1228,train,slug,3,3
u2048,train,slug,3,3
u2552,train,slug,3,3
u189,train,spot,1,2
u2400,train,slug,3,2
u306,train,slug,3,2
u1560,train,slug,3,3
u1086,train,slug,3,3
u2013,train,slug,3,2
u1192,train,slug,3,2
u3101,train,curl,2,-1
u691,train,slug,3,2
u919,train,slug,3,3
u582,train,spot,1,2
u1661,train,slug,3,2
u883,train,slug,3,2
u2701,train,slug,3,3
u1442,train,slug,3,2
u3010,train,slug,3,3
u372,train,spot,1,1
u1229,train,slug,3,3
u743,train,slug,3,2
u1523,train,slug,3,3
u2745,train,spot,1,4
u754,train,slug,3,3
u1425,train,spot,1,1
u1335,train,slug,3,2
u2209,train,slug,3,1
u1843,train,slug,3,2
u1067,train,slug,3,1
u1356,train,slug,3,1
u1635,train,slug,3,2
u365,train,spot,1,1
u1893,train,spot,1,2
u1169,train,slug,3,2
u1717,train,slug,3,3
u2274,train,slug,3,2
u1979,train,slug,3,3
u2865,train,slug,3,2
u1325,train,slug,3,3
u2518,train,slug,3,3
u95,train,spot,1,1
u2659,train,spot,1,1
u2964,train,slug,3,4
u1493,train,slug,3,1
u1728,train,spot,1,1
u2956,train,slug,3,3
u753,train,slug,3,3
u1434,train,slug,3,2
u1897,train,spot,1,1
u2393,train,slug,3,3
u629,train,slug,3,2
u1604,train,spot,1,3
u779,train,slug,3,2
u1312,train,slug,3,3
u1058,train,slug,3,2
u2455,train,spot,1,3
u2944,train,slug,3,1
u3117,train,curl,2,-1
u1548,train,slug,3,2
u1144,train,slug,3,4
u2657,train,spot,1,1
u1491,train,slug,3,3
u2214,train,spot,1,2
u1088,train,slug,3,3
u1272,train,slug,3,2
u601,train,slug,3,2
u723,train,slug,3,3
u308,train,slug,3,2
u1242,train,spot,1,2
u2557,train,slug,3,3
u452,train,spot,1,2
u2924,train,slug,3,2
u2281,train,slug,3,2
u1551,train,slug,3,1
u1259,train,slug,3,3
u960,train,slug,3,2
u663,train,slug,3,2
u2918,train,slug,3,2
u93,train,spot,1,1
u2463,train,slug,3,4
u485,train,spot,1,1
u1189,train,slug,3,2
u2922,train,slug,3,1
u289,train,spot,1,1
u249,train,spot,1,1
u996,train,slug,3,3
u2293,train,slug,3,2
u89,train,spot,1,2
u1624,train,slug,3,3
u2038,train,slug,3,2
u2637,train,slug,3,2
u3037,train,curl,2,-1
u1170,train,slug,3,3
u2735,train,spot,1,1
u396,train,spot,1,1
u1938,train,slug,3,3
u2562,train,slug,3,4
u1282,train,slug,3,2
u2601,val,spot,1,1
u1616,val,slug,3,3
u1674,val,slug,3,2
u1954,val,spot,1,2
u418,val,slug,3,2
u1642,val,slug,3,2
u8,val,spot,1,2
u411,val,slug,3,1
u2712,val,slug,3,1
h43,val,healthy,0,0
u1754,val,spot,1,4
u810,val,slug,3,4
u1087,val,slug,3,3
h24,val,healthy,0,0
u1829,val,spot,1,2
u2899,val,slug,3,1
u2462,val,slug,3,4
u2377,val,slug,3,3
u893,val,slug,3,2
u639,val,slug,3,2
u1403,val,slug,3,4
u1344,val,slug,3,2
u268,val,spot,1,1
u704,val,spot,1,4
u2161,val,spot,1,1
u543,val,spot,1,3
u866,val,slug,3,3
u685,val,slug,3,1
u1492,val,slug,3,1
u898,val,slug,3,4
u816,val,slug,3,3
u1862,val,spot,1,2
u1853,val,spot,1,1
u1159,val,slug,3,1
u966,val,slug,3,3
u2247,val,slug,3,2
u419,val,spot,1,1
u1063,val,slug,3,3
u2314,val,slug,3,4
u2608,val,slug,3,3
u550,val,spot,1,1
u1165,val,slug,3,2
u929,val,slug,3,2
u38,val,slug,3,1
u2540,val,slug,3,2
u1402,val,slug,3,4
u3035,val,curl,2,-1
u1561,val,slug,3,2
u2123,val,spot,1,2
u398,val,slug,3,1
u2429,val,slug,3,4
h29,val,healthy,0,0
u751,val,slug,3,2
u2977,val,slug,3,3
u692,val,slug,3,2
u508,val,spot,1,1
u2775,val,slug,3,1
u1752,val,spot,1,2
u1199,val,slug,3,2
u434,val,spot,1,2
u884,val,slug,3,3
u930,val,slug,3,2
u1994,val,spot,1,1
u2831,val,slug,3,2
u1300,val,slug,3,3
u2535,val,spot,1,3
u2837,val,slug,3,2
u1770,val,slug,3,3
u40,val,spot,1,2
u2877,val,slug,3,3
u2793,val,slug,3,1
u2730,val,spot,1,1
u737,val,spot,1,2
u2808,val,slug,3,2
u1956,val,slug,3,3
u2137,val,slug,3,2
u1035,val,slug,3,4
u656,val,slug,3,2
u2448,val,slug,3,2
u2849,val,slug,3,2
u822,val,slug,3,2
u923,val,slug,3,2
u358,val,slug,3,2
u320,val,spot,1,2
u537,val,slug,3,2
u2752,val,slug,3,2
u1857,val,spot,1,1
u2086,val,slug,3,3
u2733,val,spot,1,2
u1800,val,spot,1,4
u948,val,slug,3,2
u377,val,spot,1,3
u1913,val,slug,3,2
u261,val,spot,1,2
u14,val,spot,1,1
u2691,val,spot,1,2
u1128,val,slug,3,2
u1783,val,spot,1,3
u1060,val,slug,3,3
u2678,val,spot,1,2
u653,val,slug,3,2
u617,val,spot,1,2
u221,val,spot,1,1
u236,val,spot,1,3
u1246,val,slug,3,3
u286,val,spot,1,2
u2291,val,slug,3,2
u524,val,slug,3,2
u851,val,slug,3,3
u1911,val,slug,3,2
u1243,val,slug,3,2
u1332,val,spot,1,4
u247,val,spot,1,1
u2398,val,slug,3,2
u2624,val,slug,3,4
u2864,val,spot,1,1
u27,val,spot,1,1
u2595,val,spot,1,2
u1220,val,slug,3,2
u2424,val,slug,3,3
u809,val,slug,3,2
u1910,val,slug,3,3
u2259,val,slug,3,3
u2679,val,spot,1,1
u787,val,slug,3,2
u2345,val,slug,3,4
u1884,val,slug,3,1
u891,val,slug,3,4
u659,val,slug,3,2
u397,val,slug,3,1
u763,val,slug,3,1
u362,val,spot,1,2
u2046,val,slug,3,4
u693,val,slug,3,1
u1203,val,slug,3,4
u359,val,slug,3,1
u1494,val,spot,1,3
u2656,val,spot,1,2
u885,val,slug,3,4
u1162,val,slug,3,2
u1215,val,slug,3,4
u2184,val,slug,3,4
u773,val,slug,3,2
u776,val,slug,3,2
u847,val,slug,3,2
u1814,val,spot,1,1
u460,val,slug,3,2
u972,val,slug,3,1
u1567,val,slug,3,4
u2581,val,spot,1,3
u2001,val,slug,3,2
u1482,val,slug,3,1
u2998,val,slug,3,1
u2488,val,spot,1,3
u1322,val,slug,3,2
u1605,val,slug,3,4
u1281,val,slug,3,1
u2589,val,spot,1,1
u1747,val,spot,1,2
u1709,val,spot,1,2
u2870,val,slug,3,4
u979,val,slug,3,1
u2946,val,slug,3,3
u2872,val,spot,1,1
u493,val,spot,1,2
u1274,val,slug,3,2
u533,val,spot,1,1
u401,val,spot,1,1
u1807,val,slug,3,3
u202,val,spot,1,2
u1015,val,slug,3,2
u563,val,slug,3,1
u2952,val,slug,3,2
u3119,val,curl,2,-1
u708,val,slug,3,1
u695,val,slug,3,1
u938,val,slug,3,3
u539,val,spot,1,3
u895,val,slug,3,1
u2650,val,spot,1,3
u1651,val,spot,1,1
u2239,val,slug,3,2
u1351,val,slug,3,2
u849,val,slug,3,1
u243,val,spot,1,1
u2740,val,slug,3,2
u1550,val,spot,1,1
u1804,val,slug,3,1
u1968,val,slug,3,2
u1496,val,slug,3,4
u2508,val,spot,1,4
u423,val,slug,3,2
u260,val,spot,1,2
u1677,val,spot,1,3
u2931,val,slug,3,3
u336,val,slug,3,1
u2898,val,slug,3,2
u337,val,slug,3,3
u1854,val,spot,1,4
u2628,val,spot,1,4
u2953,val,slug,3,2
u267,val,spot,1,1
u2002,val,slug,3,3
u3029,val,curl,2,-1
h37,val,healthy,0,0
u2037,val,slug,3,1
u965,val,slug,3,4
u1536,val,spot,1,1
u799,val,slug,3,2
u1607,val,slug,3,3
u807,val,slug,3,2
u380,val,spot,1,2
u1959,val,slug,3,4
u794,val,slug,3,1
u2129,val,spot,1,1
u2049,val,spot,1,4
u619,val,spot,1,2
u1516,val,spot,1,2
u2857,val,spot,1,1
u838,val,slug,3,1
u1558,val,slug,3,2
u1032,val,slug,3,2
u772,val,slug,3,2
u757,val,slug,3,2
u868,val,slug,3,1
u1048,val,slug,3,2
u1147,val,slug,3,3
u2211,val,slug,3,2
u623,val,slug,3,2
u1029,val,slug,3,4
u1838,val,slug,3,3
u1998,val,slug,3,3
u812,val,slug,3,4
u2317,val,slug,3,4
u1195,val,slug,3,3
u1528,val,slug,3,2
u145,val,spot,1,1
u1359,val,slug,3,2
u1316,val,slug,3,2
u357,val,slug,3,4
u1404,val,slug,3,3
u581,val,spot,1,1
u2261,val,slug,3,3
u2955,val,slug,3,2
u1978,val,slug,3,4
u2128,val,slug,3,1
u1370,val,slug,3,4
u1739,val,spot,1,2
u618,val,spot,1,3
u2705,val,slug,3,2
u1817,val,slug,3,4
u1519,val,slug,3,2
u1065,val,slug,3,2
u107,val,spot,1,1
u1292,val,slug,3,2
u1720,val,slug,3,2
u1881,val,slug,3,4
u1314,val,slug,3,2
u2235,val,spot,1,3
u2017,val,slug,3,2
u595,val,slug,3,3
u2461,val,slug,3,4
u2079,val,spot,1,1
u1057,val,slug,3,3
u2221,val,spot,1,2
u2847,val,slug,3,1
u360,val,slug,3,1
u1428,val,slug,3,1
u511,val,spot,1,1
u1948,val,slug,3,2
u1933,val,slug,3,2
u1666,val,spot,1,2
u288,val,spot,1,2
u2576,val,spot,1,2
u1556,val,slug,3,2
u606,val,slug,3,4
u471,val,slug,3,2
u2387,val,slug,3,3
u984,val,slug,3,2
u2457,val,slug,3,2
u644,val,spot,1,4
u752,val,slug,3,2
u344,val,slug,3,2
u514,val,slug,3,1
u1038,val,slug,3,1
u2778,val,slug,3,4
u48,val,spot,1,1
u71,val,spot,1,1
u720,val,slug,3,4
u231,val,spot,1,1
u2764,val,slug,3,1
u233,val,spot,1,2
u2613,val,slug,3,4
u2815,val,slug,3,4
u1573,val,slug,3,4
u2224,val,slug,3,2
u573,val,slug,3,1
u315,val,spot,1,2
u820,val,slug,3,2
u1917,val,slug,3,3
u1178,val,slug,3,4
u1269,val,slug,3,1
u1000,val,slug,3,2
u1042,val,slug,3,2
u1858,val,spot,1,2
h4,val,healthy,0,0
u2322,val,slug,3,2
u2688,val,spot,1,2
u2025,val,slug,3,4
u2107,val,slug,3,2
u2480,val,slug,3,2
u1758,val,slug,3,2
u864,val,spot,1,1
u1197,val,slug,3,2
u256,val,spot,1,3
u2683,val,spot,1,1
u1507,val,spot,1,2
u1191,val,slug,3,2
u608,val,spot,1,2
u657,val,slug,3,3
u463,val,spot,1,3
u2564,val,slug,3,2
u1206,val,slug,3,2
u2968,val,slug,3,2
u1018,val,slug,3,1
u2085,val,slug,3,4
u1255,val,slug,3,2
u2529,val,slug,3,3
u2449,val,slug,3,1
u2027,val,slug,3,3
h6,val,healthy,0,0
u1154,val,slug,3,4
u745,val,slug,3,1
u2412,val,slug,3,1
u2907,val,slug,3,1
u2376,val,slug,3,3
u2126,val,slug,3,1
u1907,val,spot,1,2
u1637,val,slug,3,2
u2885,val,slug,3,1
u2332,val,slug,3,3
u240,val,spot,1,2
u1457,val,slug,3,1
u1602,val,spot,1,2
u2336,val,slug,3,2
u2413,val,slug,3,4
u1505,val,spot,1,4
u1776,val,slug,3,2
u988,val,slug,3,2
u661,val,slug,3,2
u2385,val,slug,3,4
u85,val,spot,1,1
u2483,val,slug,3,2
u2114,val,slug,3,3
u2939,val,slug,3,2
u1221,val,slug,3,3
u1027,val,slug,3,3
u2125,val,slug,3,2
u1678,val,slug,3,3
u2012,val,slug,3,2
u143,val,spot,1,2
u1503,val,slug,3,3
u771,val,slug,3,4
u2773,val,slug,3,1
u1648,val,slug,3,2
u2368,val,slug,3,2
u2237,val,slug,3,2
u1222,val,slug,3,3
u2045,val,slug,3,3
u2141,val,spot,1,2
u462,val,spot,1,2
u2354,val,slug,3,2
u1201,val,slug,3,2
u284,val,spot,1,3
u932,val,slug,3,2
u1330,val,slug,3,2
h3,val,healthy,0,0
u628,val,spot,1,3
u1511,val,slug,3,3
u1724,val,slug,3,2
u1440,val,slug,3,3
u1886,val,slug,3,2
u2440,val,slug,3,3
u589,val,slug,3,1
u2620,val,slug,3,2
u2598,val,slug,3,1
u2780,val,slug,3,4
u453,val,spot,1,2
u1812,val,slug,3,2
u1950,val,spot,1,2
u2481,val,slug,3,2
u2634,val,spot,1,1
u3023,val,curl,2,-1
u2430,val,slug,3,4
u2182,val,spot,1,2
u762,val,slug,3,2
u1421,val,slug,3,2
u10,val,spot,1,1
u326,val,slug,3,2
u2489,val,spot,1,2
u672,val,slug,3,2
u2651,val,spot,1,1
u2475,val,slug,3,3
u1280,val,slug,3,1
u3111,val,curl,2,-1
u402,val,spot,1,1
u520,val,slug,3,2
u1730,val,slug,3,3
u1291,val,slug,3,2
u1377,val,slug,3,3
u850,val,slug,3,3
u2365,val,slug,3,2
u1912,val,slug,3,2
u1208,val,slug,3,3
u3091,val,curl,2,-1
u3069,val,curl,2,-1
u1306,val,slug,3,3
u2323,val,slug,3,3
u2642,val,slug,3,3
u230,val,spot,1,1
u658,val,slug,3,2
u2005,val,slug,3,2
u1454,val,slug,3,2
u2208,val,slug,3,4
u571,val,spot,1,2
u2883,val,slug,3,3
u690,val,slug,3,4
u1236,val,slug,3,2
u990,val,slug,3,4
u29,val,spot,1,1
u2371,val,slug,3,3
u541,val,slug,3,2
u185,val,spot,1,1
u549,val,spot,1,2
u935,val,slug,3,3
u2051,val,spot,1,2
u1070,val,slug,3,1
u2431,val,slug,3,4
u43,val,spot,1,1
u1112,val,slug,3,4
u2319,val,slug,3,4
u1524,val,slug,3,2
u1146,val,slug,3,3
u2799,val,slug,3,1
u1518,val,slug,3,2
u2590,val,slug,3,4
u412,val,spot,1,1
u266,val,spot,1,1
u1039,val,spot,1,1
u373,val,slug,3,2
u2779,val,slug,3,4
u903,val,slug,3,2
u2269,val,slug,3,3
u1756,val,slug,3,4
u1541,val,slug,3,4
u2183,val,spot,1,2
u2320,val,slug,3,4
u1821,val,slug,3,2
u826,val,slug,3,2
u2626,val,slug,3,3
u614,val,spot,1,1
u53,val,spot,1,2
u1589,val,slug,3,2
u2596,val,slug,3,2
u2426,val,slug,3,3
u1836,val,slug,3,2
u2819,val,slug,3,1
u1407,val,slug,3,4
u2328,val,slug,3,3
u2669,val,slug,3,4
u258,val,spot,1,2
u2936,val,slug,3,3
u1514,val,slug,3,3
u2188,val,slug,3,3
u1865,val,slug,3,3
u3031,val,curl,2,-1
u2081,val,spot,1,1
u2919,val,slug,3,1
u2881,val,slug,3,3
u234,val,spot,1,2
u748,val,slug,3,1
u12,val,spot,1,1
u254,val,spot,1,1
u1489,val,slug,3,1
u901,val,slug,3,2
u2015,val,slug,3,3
u1592,val,slug,3,2
u2553,val,slug,3,4
u1818,val,slug,3,4
u2106,val,slug,3,3
u3009,val,slug,3,2
u2026,val,slug,3,3
u2972,val,slug,3,4
h27,val,healthy,0,0
u238,val,spot,1,1
u2567,val,slug,3,4
u1738,val,spot,1,2
u2050,val,spot,1,2
u1064,val,slug,3,2
u2958,val,slug,3,3
u2453,val,spot,1,1
u2671,val,slug,3,3
u2075,val,spot,1,3
u1653,val,spot,1,2
u1439,val,spot,1,1
u675,val,spot,1,4
u2151,val,spot,1,1
u425,val,slug,3,2
u2386,val,slug,3,3
u2464,val,slug,3,3
u940,val,slug,3,4
u3079,val,curl,2,-1
u1901,val,spot,1,2
u756,val,slug,3,2
u2916,val,spot,1,1
u2530,val,slug,3,2
u2213,val,slug,3,2
u1694,val,spot,1,2
u1254,val,slug,3,2
u744,val,slug,3,3
u191,val,spot,1,2
u2019,val,slug,3,2
u878,val,slug,3,4
u81,val,spot,1,1
u2592,val,spot,1,1
u707,val,slug,3,1
u1904,val,slug,3,1
u760,val,slug,3,3
u1003,val,slug,3,2
u991,val,slug,3,2
u2359,val,slug,3,4
u2542,val,slug,3,2
u1134,val,slug,3,2
u2804,val,slug,3,1
u2416,val,slug,3,4
u2033,val,slug,3,3
u1016,val,slug,3,2
u817,val,slug,3,3
u2694,val,slug,3,3
u2432,val,slug,3,4
u2635,val,spot,1,2
u1692,val,spot,1,1
u876,val,slug,3,2
u2312,val,slug,3,2
u652,val,spot,1,1
u2533,val,slug,3,2
u184,val,spot,1,1
u2177,val,slug,3,3
u2199,val,slug,3,3
u610,val,spot,1,2
u1114,val,slug,3,4
u1470,val,spot,1,1
u1106,val,slug,3,4
u981,val,slug,3,2
u1011,val,slug,3,1
u1991,val,spot,1,1
h40,val,healthy,0,0
u264,val,spot,1,1
u1918,val,slug,3,2
u2649,val,slug,3,2
u831,val,spot,1,2
u1691,val,spot,1,2
u1655,val,spot,1,2
u1688,val,spot,1,2
u1891,val,spot,1,4
u26,val,spot,1,1
u904,val,slug,3,2
u671,val,slug,3,1
u1665,val,spot,1,1
u1945,val,slug,3,3
u875,val,slug,3,3
u141,val,spot,1,1
u2201,val,spot,1,2
u888,val,slug,3,4
u565,val,spot,1,2
u2347,val,slug,3,3
u2938,val,slug,3,3
u2523,val,slug,3,3
u2059,val,slug,3,3
u569,val,spot,1,1
u2850,val,slug,3,2
u3085,val,curl,2,-1
u2777,val,slug,3,4
u1649,val,spot,1,1
u813,val,slug,3,3
u2111,val,spot,1,1
u239,val,slug,3,1
u2278,val,slug,3,2
u2103,val,slug,3,3
u1313,val,slug,3,2
u1680,val,slug,3,2
u2071,val,spot,1,1
u1463,val,slug,3,3
u2271,val,slug,3,2
u246,val,spot,1,2
u1646,val,curl,2,-1
u2796,val,slug,3,2
u2098,val,spot,1,1
u1433,val,slug,3,2
u173,val,spot,1,2
u1883,val,spot,1,4
u2066,val,slug,3,3
u2756,test,slug,3,3
u491,test,slug,3,1
u2176,test,slug,3,3
h22,test,healthy,0,0
u1157,test,slug,3,4
u2021,test,slug,3,2
u2104,test,spot,1,2
u899,test,slug,3,3
u1014,test,slug,3,2
u1736,test,spot,1,1
u139,test,spot,1,1
u2925,test,slug,3,1
u394,test,slug,3,1
u489,test,spot,1,1
u556,test,spot,1,3
u2754,test,slug,3,3
u2703,test,slug,3,3
u802,test,slug,3,2
u2558,test,spot,1,2
u1879,test,slug,3,2
u576,test,slug,3,1
u859,test,slug,3,1
u2517,test,slug,3,4
u2792,test,spot,1,1
u1295,test,slug,3,3
u237,test,spot,1,1
u887,test,slug,3,4
h35,test,healthy,0,0
u99,test,spot,1,2
u2855,test,spot,1,1
u482,test,spot,1,1
u1837,test,slug,3,4
u2246,test,slug,3,3
u2146,test,spot,1,1
u1130,test,slug,3,3
u1127,test,slug,3,2
u2343,test,slug,3,4
u517,test,slug,3,1
u650,test,slug,3,3
u2153,test,spot,1,2
h16,test,healthy,0,0
u1676,test,spot,1,2
u2856,test,slug,3,2
u769,test,slug,3,2
u2784,test,slug,3,3
u2039,test,slug,3,4
u925,test,slug,3,2
u953,test,slug,3,1
u2148,test,spot,1,2
u536,test,slug,3,1
u2710,test,slug,3,2
u808,test,slug,3,4
u941,test,slug,3,4
u2737,test,spot,1,1
u2942,test,slug,3,1
u2513,test,slug,3,2
u712,test,slug,3,4
u2397,test,slug,3,2
u2547,test,slug,3,2
u3019,test,curl,2,-1
u1420,test,slug,3,2
u2646,test,slug,3,3
u759,test,slug,3,4
u2388,test,slug,3,3
u1743,test,slug,3,4
u2113,test,slug,3,2
u2814,test,slug,3,2
u2587,test,spot,1,1
u2374,test,slug,3,3
u1476,test,spot,1,4
u1230,test,slug,3,2
u562,test,spot,1,1
u2893,test,slug,3,1
u1775,test,slug,3,2
u251,test,spot,1,1
u2060,test,slug,3,3
u1430,test,slug,3,2
u2231,test,spot,1,4
u2629,test,spot,1,2
u2042,test,spot,1,2
u186,test,spot,1,3
u2788,test,slug,3,1
u2264,test,slug,3,4
u1395,test,slug,3,3
u52,test,spot,1,2
u318,test,slug,3,2
u1078,test,slug,3,2
u834,test,slug,3,1
u2035,test,slug,3,1
u2341,test,slug,3,3
u135,test,spot,1,1
u2401,test,slug,3,3
u1302,test,slug,3,2
u456,test,spot,1,3
u2890,test,slug,3,1
u62,test,spot,1,1
u487,test,spot,1,2
u368,test,slug,3,3
u819,test,slug,3,2
u2194,test,slug,3,2
u1382,test,slug,3,2
u426,test,spot,1,2
u635,test,spot,1,3
u2980,test,slug,3,3
u2302,test,slug,3,4
u1010,test,slug,3,2
u161,test,spot,1,1
u1465,test,spot,1,2
u1327,test,slug,3,1
u626,test,spot,1,2
u1047,test,slug,3,2
u1198,test,slug,3,2
u2251,test,slug,3,3
u228,test,spot,1,2
u314,test,spot,1,4
u2175,test,slug,3,3
u909,test,slug,3,2
u327,test,slug,3,2
u2902,test,slug,3,3
u1095,test,slug,3,2
u439,test,spot,1,2
u492,test,spot,1,2
u1571,test,slug,3,2
u795,test,slug,3,1
u1632,test,slug,3,4
u1452,test,slug,3,1
u789,test,slug,3,2
u2356,test,slug,3,4
u2342,test,slug,3,3
u2632,test,spot,1,2
u1276,test,slug,3,2
u2760,test,slug,3,2
u1141,test,slug,3,2
u1841,test,spot,1,1
u1706,test,slug,3,2
u2236,test,spot,1,2
u2811,test,slug,3,3
u1226,test,spot,1,2
u915,test,slug,3,2
u1196,test,slug,3,3
u1004,test,slug,3,3
u469,test,slug,3,2
u2040,test,slug,3,4
u206,test,spot,1,3
u279,test,spot,1,3
u934,test,slug,3,4
u2061,test,slug,3,3
u2774,test,slug,3,1
u1890,test,spot,1,1
h5,test,healthy,0,0
u1400,test,slug,3,4
u2541,test,slug,3,2
u2467,test,slug,3,3
u1675,test,slug,3,2
u1755,test,slug,3,1
u2568,test,slug,3,3
u1089,test,slug,3,2
u49,test,spot,1,1
u2276,test,slug,3,2
u1553,test,spot,1,1
u2105,test,slug,3,3
u2228,test,slug,3,3
u1336,test,slug,3,3
u2316,test,slug,3,3
u1981,test,spot,1,2
u738,test,slug,3,1
u518,test,slug,3,2
u2603,test,spot,1,1
u3001,test,slug,3,1
u1685,test,spot,1,1
u1789,test,slug,3,4
u1364,test,slug,3,2
u56,test,spot,1,1
u1450,test,slug,3,2
u598,test,slug,3,2
u2751,test,spot,1,3
u276,test,slug,3,2
u2894,test,slug,3,1
u2757,test,slug,3,3
u2851,test,slug,3,1
u2233,test,spot,1,3
u1350,test,slug,3,3
u555,test,spot,1,3
u3005,test,slug,3,1
u1132,test,slug,3,3
u3033,test,curl,2,-1
u1218,test,slug,3,2
u1647,test,spot,1,1
u1689,test,spot,1,1
u2476,test,slug,3,3
u2663,test,spot,1,2
u2338,test,slug,3,4
u1069,test,slug,3,1
u615,test,slug,3,2
u872,test,slug,3,2
u986,test,slug,3,2
u1942,test,slug,3,1
u2180,test,spot,1,2
u1333,test,spot,1,4
u2920,test,slug,3,1
u2580,test,spot,1,3
u3051,test,curl,2,-1
u18,test,spot,1,1
u559,test,spot,1,2
u2326,test,slug,3,3
u2067,test,slug,3,4
u1701,test,slug,3,3
u2888,test,slug,3,1
u30,test,spot,1,1
u1143,test,slug,3,2
u488,test,spot,1,1
u1690,test,curl,2,-1
u971,test,slug,3,4
u193,test,spot,1,2
u2747,test,slug,3,3
u845,test,slug,3,1
u548,test,spot,1,2
u2661,test,slug,3,2
u386,test,spot,1,2
u58,test,spot,1,1
u1595,test,slug,3,4
u1834,test,spot,1,3
u2943,test,slug,3,2
u2155,test,spot,1,1
u242,test,spot,1,1
u1845,test,slug,3,2
u1374,test,slug,3,3
u534,test,slug,3,1
u504,test,slug,3,1
u2932,test,slug,3,4
u1104,test,slug,3,3
u1749,test,slug,3,3
u2914,test,slug,3,2
u2623,test,slug,3,3
u2138,test,slug,3,1
u836,test,slug,3,2
u665,test,slug,3,3
u2087,test,slug,3,2
u2761,test,slug,3,4
u2360,test,slug,3,4
u1636,test,slug,3,3
u927,test,slug,3,3
u2493,test,slug,3,3
u1227,test,spot,1,2
u647,test,spot,1,3
u2318,test,slug,3,2
u1591,test,slug,3,3
u1700,test,slug,3,1
u2514,test,slug,3,2
u3067,test,curl,2,-1
u1543,test,slug,3,2
u585,test,slug,3,2
u1202,test,slug,3,1
u1216,test,slug,3,2
u265,test,spot,1,2
u1051,test,slug,3,2
u2279,test,slug,3,4
u2465,test,slug,3,3
u1997,test,slug,3,2
u1480,test,spot,1,3
u2286,test,slug,3,3
u2348,test,slug,3,3
u1238,test,slug,3,1
u2666,test,slug,3,3
u998,test,slug,3,2
u2084,test,slug,3,4
u2945,test,slug,3,2
u1310,test,slug,3,2
u983,test,slug,3,2
u880,test,slug,3,1
u1833,test,spot,1,2
u2047,test,slug,3,3
u1354,test,spot,1,1
u252,test,spot,1,1
u1022,test,slug,3,1
u892,test,slug,3,3
u977,test,slug,3,2
u457,test,spot,1,2
u1980,test,spot,1,1
u1727,test,spot,1,2
u823,test,slug,3,2
u902,test,slug,3,1
u1415,test,slug,3,2
u2297,test,spot,1,4
u825,test,slug,3,2
u153,test,spot,1,1
u101,test,spot,1,1
u1429,test,spot,1,1
u1903,test,spot,1,3
u1928,test,slug,3,3
u907,test,slug,3,1
u2606,test,spot,1,2
u1722,test,slug,3,2
u2382,test,slug,3,3
u2539,test,slug,3,4
u2218,test,spot,1,2
u1145,test,slug,3,2
u2330,test,slug,3,2
u660,test,slug,3,4
u2219,test,spot,1,3
u2565,test,slug,3,3
